STATUS_ID,USER_ID,STATUS_TEXT
Isabel.Avivah34_27,Isabel.Avivah34,thinkable existence hug aback sky
Benedetta.Zola9_758,Benedetta.Zola9,cooing fireman withstand grotesque year
Winna.McKay71_321,Winna.McKay71,juvenile toothpaste fix odd breakfast
Elane.Viviyan28_397,Elane.Viviyan28,needy woman symbolize burly cakes
Phaidra.Fortuna55_639,Phaidra.Fortuna55,penitent tomatoes strive foamy jam
Flory.Hatfield83_467,Flory.Hatfield83,funny summer spoil cold songs
Nelli.Wayolle71_708,Nelli.Wayolle71,whimsical knowledge melt chilly parent
Gwendolyn.Mallis13_871,Gwendolyn.Mallis13,weary brick bathe old glove
Dix.Aronoff82_552,Dix.Aronoff82,aggressive tomatoes wrap knowing shop
Sasha.Vincent42_898,Sasha.Vincent42,wretched number knock sparkling drug
Reena.Brott1_790,Reena.Brott1,dashing alarm analyze frightened grandmother
Livia.Atalanti89_919,Livia.Atalanti89,picayune island melt combative locket
Hedda.Alfie63_286,Hedda.Alfie63,good needle deceive spotless bead
Tonye.Nella57_215,Tonye.Nella57,callous dinosaurs mislead testy sleet
Robbyn.Jo8_19,Robbyn.Jo8,unaccountable power kick bawdy fuel
Brandea.Miguela45_937,Brandea.Miguela45,rare wren overdo macho circle
Abbi.Nicholas17_248,Abbi.Nicholas17,sharp flock peel astonishing loaf
Wendi.Anjali23_260,Wendi.Anjali23,talented notebook vanish huge discussion
Jo-Ann.Margit14_618,Jo-Ann.Margit14,tight stem go daffy slope
Bernice.Blockus34_902,Bernice.Blockus34,filthy snow sort mature string
Edeline.Whitten70_86,Edeline.Whitten70,disagreeable club choke wacky snake
Josepha.Lapointe73_522,Josepha.Lapointe73,onerous lace dance loose journey
Frieda.Laks42_915,Frieda.Laks42,periodic veil spark wholesale snail
Eustacia.Rudich93_694,Eustacia.Rudich93,cultured smoke telephone dynamic meat
Calli.Barsky45_55,Calli.Barsky45,abrupt wilderness multiply filthy arithmetic
Jill.Nana81_975,Jill.Nana81,quack drawer recommend amused believe
Suki.Marlena66_213,Suki.Marlena66,null hour park futuristic chicken
Tonye.Nella57_281,Tonye.Nella57,wicked airplane break available acoustics
Estele.Geddes57_822,Estele.Geddes57,evil bone research easy sky
Emma.Capp86_77,Emma.Capp86,nondescript scene rely zealous jeans
Aundrea.Irvin7_690,Aundrea.Irvin7,jumbled plantation qualify wry prison
Charlean.Marjy13_687,Charlean.Marjy13,melodic throne itch rambunctious mountain
Rochella.Orvan96_105,Rochella.Orvan96,brave railway revise aberrant side
Eryn.Kataway27_366,Eryn.Kataway27,volatile son troubleshoot breezy notebook
Lesley.Danuloff35_32,Lesley.Danuloff35,abundant power concern heartbreaking geese
Eustacia.Rudich93_814,Eustacia.Rudich93,muddled twig understand brawny scale
Loralie.Descombes64_731,Loralie.Descombes64,gigantic cheese sting wry scissors
Brigitta.Balsam57_143,Brigitta.Balsam57,stormy existence remind encouraging cough
Dorolice.Julissa21_763,Dorolice.Julissa21,abortive test compete tasty judge
Augustina.Jackie38_43,Augustina.Jackie38,lucky activity inventory malicious surprise
Nikkie.Brandt23_347,Nikkie.Brandt23,deserted spiders sack combative increase
Flore.Gottfried89_355,Flore.Gottfried89,used balloon mug quixotic plot
Loralyn.Kella60_903,Loralyn.Kella60,supreme advertisement maintain clumsy straw
Sile.Lehmann82_855,Sile.Lehmann82,adjoining dinosaurs invent faint cobweb
Rozina.Elsie80_924,Rozina.Elsie80,yielding kitten empty dangerous pain
Jeanine.Genet51_302,Jeanine.Genet51,mysterious bone doubt nasty women
Pierrette.Roxane8_116,Pierrette.Roxane8,chunky mountain ascertain charming flame
Denise.Prouty27_696,Denise.Prouty27,roasted action sniff distinct cable
Moselle.Biddie43_542,Moselle.Biddie43,furtive thread steal empty baseball
Marena.Lenard73_64,Marena.Lenard73,spicy fan plead muddled fish
Michal.Hollyanne32_989,Michal.Hollyanne32,ubiquitous beetle spit groovy stretch
Perry.Andrus55_567,Perry.Andrus55,typical stomach rinse cagey rule
Sheri.Melosa50_310,Sheri.Melosa50,learned mice accelerate rapid faucet
Lindsy.Priest89_143,Lindsy.Priest89,unsightly finger entertain didactic grandmother
Roseann.Dryfoos62_77,Roseann.Dryfoos62,imperfect development hate aggressive robin
Rori.Ambrosia63_435,Rori.Ambrosia63,receptive dress snow salty book
Blanch.Seale11_510,Blanch.Seale11,macabre fish praised accurate memory
Emogene.Bassett59_757,Emogene.Bassett59,afraid bucket introduce succinct dust
Karalee.Scibert70_984,Karalee.Scibert70,absorbed clover facilitate workable clouds
Fleurette.Benia75_579,Fleurette.Benia75,aboriginal mailbox wish exultant reward
Wrennie.Cykana68_504,Wrennie.Cykana68,determined locket invent ruthless amount
Grayce.Domel61_463,Grayce.Domel61,loud corn control cold twist
Anny.Jahdal49_917,Anny.Jahdal49,narrow cloth see hallowed base
Laetitia.Hallsy39_418,Laetitia.Hallsy39,dynamic territory rank offbeat roll
Melina.Reddy78_363,Melina.Reddy78,great test snore understood fruit
Hyacintha.Komarek16_694,Hyacintha.Komarek16,outstanding hour behold hot rule
Frieda.Laks42_693,Frieda.Laks42,overrated rake solve level maid
Ann.Collete15_432,Ann.Collete15,icky jeans stamp moldy scarf
Elane.Veedis46_144,Elane.Veedis46,aback kitty preach sparkling use
Ronni.Willey1_805,Ronni.Willey1,wanting marble mate nosy coil
Althea.Garald97_848,Althea.Garald97,entertaining friction generate rotten yard
Suzie.Kaspar49_567,Suzie.Kaspar49,racial time travel nebulous bomb
Eulalie.Minor94_788,Eulalie.Minor94,dynamic steam receive ragged mask
Tiff.Desimone88_921,Tiff.Desimone88,aspiring toes record abusive sidewalk
Renelle.Rainah43_109,Renelle.Rainah43,plucky snail assemble loving crown
Maris.Elliot17_776,Maris.Elliot17,offbeat cattle revise cowardly guitar
Amalita.Kailey40_926,Amalita.Kailey40,exuberant basketball teach boring need
Athena.Fulton16_106,Athena.Fulton16,ruthless walk progress encouraging fact
Ashien.Amos47_907,Ashien.Amos47,dead bushes irritate ignorant flock
Thekla.Bowden96_930,Thekla.Bowden96,psychotic ball rise healthy crayon
Karalee.Scibert70_455,Karalee.Scibert70,tender cake empty threatening queen
Loralyn.Kella60_75,Loralyn.Kella60,fallacious language march frightened book
Bonnee.Goldstein45_934,Bonnee.Goldstein45,defiant suit forsake substantial parent
Romy.Elazaro90_999,Romy.Elazaro90,adorable sink puncture wealthy cars
Ronni.Willey1_900,Ronni.Willey1,motionless brick meet elderly structure
Jacquelin.Bremen56_267,Jacquelin.Bremen56,wicked birds cling tasty muscle
Drona.Bigg10_747,Drona.Bigg10,greasy disease hook knotty fear
Celia.Kreegar83_43,Celia.Kreegar83,salty woman separate poised guitar
Rosalyn.Luht38_679,Rosalyn.Luht38,fortunate twist tease absurd honey
Cora.Zarger49_90,Cora.Zarger49,overconfident impulse run old poison
Jesselyn.Humpage75_11,Jesselyn.Humpage75,inexpensive carpenter systemize absorbed grandfather
Merola.Kind63_66,Merola.Kind63,seemly zephyr misunderstand clean spiders
Keri.Royce8_284,Keri.Royce8,square linen tire arrogant room
Marsha.Bergmans47_129,Marsha.Bergmans47,puzzled surprise welcome enthusiastic zebra
Keri.Royce8_375,Keri.Royce8,excited wrist awake thirsty jellyfish
Carlie.Shaylyn15_993,Carlie.Shaylyn15,anxious whistle implement nostalgic pest
Joanna.Hughett86_360,Joanna.Hughett86,early sleet cause gusty kitty
Robena.Saimon4_657,Robena.Saimon4,idiotic clam retrieve literate sea
Ashien.Amos47_576,Ashien.Amos47,obedient fear cry ancient sister
Sabrina.Rovner15_465,Sabrina.Rovner15,powerful zoo tutor square sound
Harli.Dupaix47_673,Harli.Dupaix47,powerful bean manage damp shape
Romy.Elazaro90_512,Romy.Elazaro90,nauseating mountain appraise narrow end
Lynnet.Farris58_761,Lynnet.Farris58,rampant cabbage tease deep banana
Brita.Femi45_918,Brita.Femi45,deadpan umbrella weave bashful icicle
Horatia.Pros69_833,Horatia.Pros69,eatable bell sew slimy anger
Charlean.Marjy13_743,Charlean.Marjy13,madly seed let heavenly tent
Fanechka.Dorelia72_900,Fanechka.Dorelia72,changeable bikes promote protective hat
Rasia.Norina31_9,Rasia.Norina31,icy library applied tested blow
Modestia.Hijoung2_797,Modestia.Hijoung2,various quill walk tangy street
Renelle.Rainah43_23,Renelle.Rainah43,unbecoming quiet compose grandiose music
Melodee.Salvucci40_851,Melodee.Salvucci40,romantic tree twist holistic fuel
Germana.Sorce77_265,Germana.Sorce77,diligent knee shear unbecoming hands
Joelynn.McLeod86_339,Joelynn.McLeod86,laughable servant string clean zoo
Noni.Thetis66_322,Noni.Thetis66,divergent line ban cautious bed
Hyacintha.Komarek16_156,Hyacintha.Komarek16,redundant throne speak wandering crown
Rosalinde.Engud19_644,Rosalinde.Engud19,grumpy guide consolidate lyrical drug
Jaimie.Moll54_485,Jaimie.Moll54,purple sister cast hissing gate
Bren.Phail53_147,Bren.Phail53,succinct door buy supreme woman
Hettie.Kobi17_109,Hettie.Kobi17,lean respect glue hilarious maid
Cahra.Myers8_830,Cahra.Myers8,depressed hall catch ludicrous shoes
Iona.Timothea51_513,Iona.Timothea51,lyrical sheep regret shy faucet
Zahara.Melisenda2_552,Zahara.Melisenda2,adorable able mow futuristic land
Sonny.Idel6_261,Sonny.Idel6,cynical doll compile deeply order
Charlean.Marjy13_262,Charlean.Marjy13,wooden women shelter courageous field
Marlena.Ambie83_287,Marlena.Ambie83,ordinary border bend graceful head
Dredi.Kerstin33_813,Dredi.Kerstin33,massive waves integrate embarrassed cemetery
Amabel.Anestassia45_742,Amabel.Anestassia45,abstracted harbor agree dramatic pot
Augustina.Jackie38_908,Augustina.Jackie38,mysterious lamp squeak overjoyed beginner
Aloisia.Sumer97_792,Aloisia.Sumer97,alive afterthought hide warlike grain
Olva.Kleeman56_309,Olva.Kleeman56,nappy cream settle plucky income
Wenona.Erik68_115,Wenona.Erik68,volatile passenger pump obedient airport
Nessy.Gignac82_932,Nessy.Gignac82,animated branch hammer naive note
Arline.Docile45_835,Arline.Docile45,earsplitting dog leave bewildered hen
Bernardina.Short8_305,Bernardina.Short8,evil pest bury spotless river
Nessa.Torrin18_420,Nessa.Torrin18,decisive beggar mug fertile treatment
Dulci.Tomlin35_293,Dulci.Tomlin35,habitual bucket counsel stale drain
Sofie.Alf59_127,Sofie.Alf59,husky playground make powerful spark
Leesa.Latia28_246,Leesa.Latia28,lowly afterthought smell abrupt idea
Karole.Rucker20_548,Karole.Rucker20,acceptable van sail sulky trail
Ronni.Sidras12_287,Ronni.Sidras12,freezing work fling enchanting cable
Marsiella.Freemon64_449,Marsiella.Freemon64,adamant record claim pastoral border
Jewel.Wachtel81_380,Jewel.Wachtel81,brawny jar flee sordid mind
Wendi.Anjali23_161,Wendi.Anjali23,numberless trade consist high-pitched elbow
Kathye.Judye16_357,Kathye.Judye16,glib wish rid heartbreaking spring
Constance.Nabala12_103,Constance.Nabala12,accessible grip realign yellow north
Noelle.Armillia39_6,Noelle.Armillia39,jittery flame laugh enthusiastic crook
Sarine.Nate92_354,Sarine.Nate92,gifted neck squeak lean scene
April.Gawen25_67,April.Gawen25,scattered distance explain unarmed cemetery
Hedda.Alfie63_531,Hedda.Alfie63,fast cow expedite gamy connection
Gusella.Irina72_762,Gusella.Irina72,steep wrench brush zippy grass
Kelci.Antonin32_51,Kelci.Antonin32,humdrum doll own easy boot
Gwendolyn.Mallis13_668,Gwendolyn.Mallis13,omniscient toad look momentous bead
Van.Brynn91_575,Van.Brynn91,mindless women practice gabby brother
Genovera.Giovanni15_414,Genovera.Giovanni15,quickest loaf flee fine summer
Arielle.Schear78_714,Arielle.Schear78,dizzy bubble reject concerned frame
Brooks.Elrod39_178,Brooks.Elrod39,dirty drug squeeze itchy mitten
Carlynn.Emilie59_88,Carlynn.Emilie59,puzzled party arrange poised cause
Augustina.Jackie38_445,Augustina.Jackie38,brainy drink sublet bad copper
Alison.Fabri53_632,Alison.Fabri53,delicious passenger misunderstand talented impulse
Giulietta.Lally5_399,Giulietta.Lally5,anxious books sigh grubby creature
Darsie.Derrik90_260,Darsie.Derrik90,wry hydrant water elegant spark
Channa.Formica62_33,Channa.Formica62,overt zipper long witty beginner
Steffi.Bergen24_275,Steffi.Bergen24,nonchalant coal educate wretched measure
Aubree.Charles48_448,Aubree.Charles48,x-rated property heap embarrassed heat
Jerrylee.Sudnor64_831,Jerrylee.Sudnor64,direful cushion bid amuck mother
Naomi.Dacey66_690,Naomi.Dacey66,bright scale locate rustic clam
Max.Gray89_219,Max.Gray89,fine boys flow acoustic mice
Bird.Fanchet5_670,Bird.Fanchet5,dry finger argue furtive tomatoes
Sylvia.Sothena33_365,Sylvia.Sothena33,proud wealth motivate grubby feast
Cristabel.Isabelita37_127,Cristabel.Isabelita37,broad step compete feigned land
Margarette.Dolora70_621,Margarette.Dolora70,hypnotic yam plead gruesome meat
Aprilette.Cissiee92_858,Aprilette.Cissiee92,satisfying meal injure upbeat move
Rosemarie.Perpetua39_163,Rosemarie.Perpetua39,scandalous cracker bend spiritual minister
Sonny.Idel6_294,Sonny.Idel6,phobic pet unpack loving deer
Fannie.Goodard85_505,Fannie.Goodard85,nappy stomach use utopian belief
Allie.Prudence86_450,Allie.Prudence86,overjoyed lake rob nasty bean
Clarisse.Rockie75_623,Clarisse.Rockie75,legal feast transport absorbed icicle
Druci.Morrie75_136,Druci.Morrie75,slippery lip juggle homely sign
Constance.Nabala12_668,Constance.Nabala12,giddy bushes demonstrate petite cactus
Gay.Marsiella61_959,Gay.Marsiella61,finicky shoes accomplish awful airplane
Miquela.Osborne45_186,Miquela.Osborne45,panoramic touch join apathetic stomach
Catlaina.Sergent21_287,Catlaina.Sergent21,possessive cloth try homely month
Tallie.Abbot73_377,Tallie.Abbot73,Early shoe sparkle warlike volcano
Kalila.Zoi54_308,Kalila.Zoi54,brash bears sketch cold wing
Tonye.Nella57_800,Tonye.Nella57,reflective frog inventory hurried zebra
Emylee.Eckel34_458,Emylee.Eckel34,typical volleyball discover wrong country
Alejandrina.Venita24_421,Alejandrina.Venita24,ugly ants rate boring toy
Sofie.Alf59_95,Sofie.Alf59,historical snake appraise new elbow
Loraine.Nickey57_639,Loraine.Nickey57,nice liquid dust obnoxious pencil
Lebbie.Adelaida39_135,Lebbie.Adelaida39,dramatic ladybug prepare elfin brake
Benedicta.Clio88_411,Benedicta.Clio88,longing thrill shape brave governor
Gay.Derron81_482,Gay.Derron81,axiomatic range slide helpful aunt
Kirbee.Ariadne19_914,Kirbee.Ariadne19,giant statement drink colossal zebra
Valentine.Eldin27_155,Valentine.Eldin27,impartial friction snow vengeful channel
Noella.Cacilie74_158,Noella.Cacilie74,willing cause carry excellent farmer
Lanni.Beniamino88_429,Lanni.Beniamino88,giant wheel process picayune hair
Hadria.Zephan69_627,Hadria.Zephan69,scarce form operate shaggy wire
Lacey.Radke25_480,Lacey.Radke25,placid lizards pine gaping adjustment
Nadeen.Mallina32_545,Nadeen.Mallina32,glossy stew coil plastic rate
Glennie.Rivard69_745,Glennie.Rivard69,watchful number zip magnificent crib
Rosabella.Sarkaria73_564,Rosabella.Sarkaria73,panoramic apparel forecast quickest back
Lynnet.Thomasa88_681,Lynnet.Thomasa88,thankful print shoot imaginary plot
Ingaberg.Hughes40_961,Ingaberg.Hughes40,wet summer attract healthy cow
Uta.Groves96_964,Uta.Groves96,malicious sheep bat delightful tax
Indira.Kiyoshi30_369,Indira.Kiyoshi30,dangerous reaction scrape statuesque good-bye
Kirsten.Cherish66_515,Kirsten.Cherish66,labored eggnog haunt yielding grade
Zahara.Melisenda2_840,Zahara.Melisenda2,spicy skate soothe vivacious steel
Corie.Warchaw63_702,Corie.Warchaw63,rebellious can record alleged room
Faye.Seraphine14_224,Faye.Seraphine14,imaginary way direct husky governor
Donny.Atkins39_610,Donny.Atkins39,kindhearted club imagine silent anger
Rayna.Abraham94_329,Rayna.Abraham94,curious crook alert rare furniture
Shani.Muscolo72_890,Shani.Muscolo72,outrageous comb rehabilitate horrible cent
Nessy.Gignac82_857,Nessy.Gignac82,fast bath lecture wandering can
Selinda.Alane54_477,Selinda.Alane54,nonchalant room knot kaput suit
Tamiko.Tessi69_745,Tamiko.Tessi69,adventurous fang refuse changeable fan
Dixie.Bab20_30,Dixie.Bab20,wholesale clover overcome nice push
Leesa.Latia28_633,Leesa.Latia28,mere bed forego breakable health
Daile.Valdes30_18,Daile.Valdes30,dispensable brush bake different bushes
Jobey.Moshe23_422,Jobey.Moshe23,grouchy star set adventurous station
Myriam.Ruffina4_176,Myriam.Ruffina4,aware top taste resolute scent
Evelyn.Les20_55,Evelyn.Les20,slimy summer transform fertile surprise
Goldi.Janette32_151,Goldi.Janette32,productive dinner establish quizzical gold
Kessiah.Matrona53_707,Kessiah.Matrona53,poor throne brush impossible vein
Gilberte.Viguerie67_348,Gilberte.Viguerie67,lying flight search tenuous brick
Gerrie.Sexton79_699,Gerrie.Sexton79,uncovered feet review modern pail
Marsha.Bergmans47_76,Marsha.Bergmans47,phobic hand withdraw fierce quiet
Renie.Schuh87_440,Renie.Schuh87,tenuous shoe care exotic cats
Freida.Gaw33_940,Freida.Gaw33,tearful volcano face careful guide
Theadora.Aenneea80_99,Theadora.Aenneea80,resolute juice wrap draconian nose
Jere.Kara65_629,Jere.Kara65,abaft bee nest nosy authority
Eilis.Wearing58_975,Eilis.Wearing58,lucky arm fill ultra cemetery
Vonny.Bascio66_244,Vonny.Bascio66,dazzling exchange miss receptive brake
Rahal.Rosabelle88_158,Rahal.Rosabelle88,hurt orange interview adorable print
Arluene.Cutlor89_17,Arluene.Cutlor89,nice health trap nappy cabbage
Miquela.Osborne45_175,Miquela.Osborne45,callous insect greet uncovered wish
Jacquelin.Bremen56_410,Jacquelin.Bremen56,callous belief wave purring scarf
Sharl.Goldenberg44_456,Sharl.Goldenberg44,industrious dog expect credible stage
Gabey.Stephannie1_945,Gabey.Stephannie1,adventurous spiders monitor political beam
Donnie.Elwina15_748,Donnie.Elwina15,teeny-tiny committee phone reminiscent mother
Trixi.Nielson56_303,Trixi.Nielson56,dispensable crowd inspire wrathful ray
Nessy.Gignac82_664,Nessy.Gignac82,giddy visitor mug wasteful lift
Melisenda.Vastha76_481,Melisenda.Vastha76,domineering pull institute adventurous skate
Concordia.Ellissa91_850,Concordia.Ellissa91,lowly porter arrest swanky year
Zabrina.Cello70_421,Zabrina.Cello70,sable whip yawn squeamish voice
Aidan.Barbuto48_142,Aidan.Barbuto48,jumbled bird visit undesirable haircut
Tammy.Gillette9_96,Tammy.Gillette9,splendid comb negotiate panicky motion
Geri.Arnold56_233,Geri.Arnold56,humorous lawyer embarrass bloody alarm
Gerrie.Sexton79_531,Gerrie.Sexton79,tiresome day work overt doctor
Marika.Giorgio5_118,Marika.Giorgio5,vigorous quiver forego accurate sofa
Willi.Ralleigh11_600,Willi.Ralleigh11,hesitant health post nondescript hall
Roby.Romilda54_28,Roby.Romilda54,tested grade satisfy used behavior
Federica.Freddy55_605,Federica.Freddy55,available earthquake prick fragile business
Wallie.Alcus17_464,Wallie.Alcus17,homely stone upset enthusiastic space
Philippine.Norrv80_457,Philippine.Norrv80,aboriginal space come funny pocket
Janela.Rahm59_577,Janela.Rahm59,curved toy drain loud elbow
Shirley.Manouch66_632,Shirley.Manouch66,faint reaction mark fancy bone
Uta.Groves96_490,Uta.Groves96,rapid soda haunt purple stage
Robbin.Laise92_308,Robbin.Laise92,quarrelsome riddle interfere orange jellyfish
Nani.Shari32_234,Nani.Shari32,perpetual lunch look anxious mass
Aura.Lynnett93_401,Aura.Lynnett93,erect force increase fretful guide
Eadith.Fifi34_469,Eadith.Fifi34,encouraging shape acquire axiomatic gate
Idette.Tenner70_904,Idette.Tenner70,kaput sponge stamp cute letters
Margaretha.Bogusz78_135,Margaretha.Bogusz78,illustrious cracker poke jazzy interest
Helaina.Althee70_224,Helaina.Althee70,adhesive vase lick warm copper
Rey.Reinwald58_660,Rey.Reinwald58,puzzled badge help ratty string
Iona.Timothea51_526,Iona.Timothea51,ruthless good-bye identify momentous net
Joanna.Gian27_969,Joanna.Gian27,aback bedroom smash dramatic anger
Else.Oliviero3_964,Else.Oliviero3,annoyed button analyze sneaky yam
Inna.Chemar77_677,Inna.Chemar77,nonchalant porter wear puny pail
Loraine.Nickey57_106,Loraine.Nickey57,rustic cemetery supply draconian celery
Chandra.Dzoba74_535,Chandra.Dzoba74,historical tin inform shiny kick
Neille.Wellington24_213,Neille.Wellington24,obnoxious cherry train abiding drain
Elyn.Graig58_886,Elyn.Graig58,empty camp see maniacal club
Rheba.Photima73_214,Rheba.Photima73,spotless finger imagine shaky pets
Philippine.Norrv80_691,Philippine.Norrv80,enchanting book enhance tired believe
Carlina.Chae37_122,Carlina.Chae37,strong stop flood Early ladybug
Bernardina.Short8_402,Bernardina.Short8,abortive fruit hang judicious current
Jacki.Marlo33_568,Jacki.Marlo33,guttural rake confuse voiceless color
Enrika.Licht63_89,Enrika.Licht63,smooth dust mix peaceful beast
Ardis.Kendra52_200,Ardis.Kendra52,cooperative banana point small duck
Loralie.Bywaters26_363,Loralie.Bywaters26,lamentable lace tremble tender straw
Sharlene.Nial95_470,Sharlene.Nial95,sincere texture come unsightly bedroom
Benedetta.Zola9_684,Benedetta.Zola9,obsolete bulb ask abusive needle
Delia.Nereus89_883,Delia.Nereus89,ordinary top upset fortunate afterthought
Saloma.Haggar36_966,Saloma.Haggar36,giddy toothbrush overhear wasteful pocket
Harriet.Hyland74_842,Harriet.Hyland74,naughty banana curve uninterested attack
Toma.Coughlin53_460,Toma.Coughlin53,joyous coach fade oceanic comfort
Alison.Fabri53_383,Alison.Fabri53,phobic boot support hard texture
Shayla.Stuckey30_259,Shayla.Stuckey30,elfin bells live snotty pleasure
Mandie.Darby30_904,Mandie.Darby30,puffy frog mend courageous protest
Robbin.Laise92_317,Robbin.Laise92,immense rainstorm label raspy ants
Ingaberg.Hughes40_117,Ingaberg.Hughes40,scarce legs rob venomous magic
Michelina.Conover18_276,Michelina.Conover18,tangible thought complain reflective office
Allina.Yulma57_792,Allina.Yulma57,elite plant deal mature partner
Sile.Lehmann82_28,Sile.Lehmann82,offbeat collar govern beautiful achieve
Meggy.Kandy89_421,Meggy.Kandy89,spectacular daughter arrive thoughtful suit
Suzy.Rubetta73_385,Suzy.Rubetta73,feigned market mentor frightened nest
Xylia.Boorer8_514,Xylia.Boorer8,abrupt bait lean fancy detail
Lizbeth.Tate97_504,Lizbeth.Tate97,draconian car fade credible books
Marris.Cecilio95_169,Marris.Cecilio95,quizzical cabbage photograph ordinary nerve
Adelaida.Pearman53_377,Adelaida.Pearman53,troubled existence deal parsimonious blade
Lauri.Rheims85_505,Lauri.Rheims85,ruddy vest plan thundering watch
Sadye.Pacorro12_803,Sadye.Pacorro12,faithful umbrella hook puny nose
Marylynne.Charin7_441,Marylynne.Charin7,plausible water cover gigantic dock
Carmela.Kovacev78_638,Carmela.Kovacev78,womanly beast suppose selfish jelly
Debor.Razid55_271,Debor.Razid55,inquisitive plot assess glorious tub
Kamila.Lynnette24_984,Kamila.Lynnette24,foamy disgust choke brainy approval
Robena.Saimon4_180,Robena.Saimon4,apathetic tiger hug wholesale toys
Cami.Proudman72_56,Cami.Proudman72,raspy cheese match assorted grandmother
Carmela.Kovacev78_707,Carmela.Kovacev78,crowded blood breathe devilish vegetable
Gabey.Broder55_905,Gabey.Broder55,drunk tub vanish pleasant arithmetic
Brigitta.Tracay56_359,Brigitta.Tracay56,hissing hour interpret busy bit
Clemmy.Golub56_266,Clemmy.Golub56,ruthless hammer attain thinkable birds
Mildred.McClimans59_765,Mildred.McClimans59,perfect bottle tread curious snow
Annie.Arvid67_77,Annie.Arvid67,wet grass spare faulty book
Renell.Romy8_70,Renell.Romy8,futuristic honey announce curved eyes
Eryn.Catherin58_908,Eryn.Catherin58,harmonious hole wait fuzzy key
Zorina.Jeannie66_690,Zorina.Jeannie66,lamentable rate cry teeny-tiny tooth
Cindra.Karlyn24_360,Cindra.Karlyn24,flaky space lock momentous shirt
Norry.Solnit53_624,Norry.Solnit53,narrow volcano sweat sweltering plough
Zora.Seadon11_821,Zora.Seadon11,trashy jail yawn spectacular coast
Robena.Saimon4_744,Robena.Saimon4,raspy key guess gifted uncle
Nina.Zacharias8_625,Nina.Zacharias8,berserk umbrella delay painful coil
Cicily.Symons73_466,Cicily.Symons73,deadpan letter permit level toothbrush
Romy.Elazaro90_826,Romy.Elazaro90,questionable year heat abusive week
Jonie.Ivetts15_931,Jonie.Ivetts15,drunk cream go groovy snail
Elfie.Alper37_137,Elfie.Alper37,tightfisted snakes prepare handsome ship
Joanie.Sharpe24_439,Joanie.Sharpe24,goofy trick withstand righteous army
Theresita.Oringa75_199,Theresita.Oringa75,wet hill cause quizzical smash
Dorolice.Julissa21_415,Dorolice.Julissa21,adjoining name explain depressed control
Felipa.Mitman55_59,Felipa.Mitman55,receptive rake sweat defiant self
Merna.Kyd71_178,Merna.Kyd71,adaptable yard paint eatable need
Stevena.Magree52_518,Stevena.Magree52,honorable toy activate chunky print
Konstanze.Marcoux43_88,Konstanze.Marcoux43,macabre snake slow combative butter
Channa.Formica62_153,Channa.Formica62,abundant zebra hide amuck rub
Christi.Hacker34_202,Christi.Hacker34,frantic tub type steady afterthought
Kalinda.Wassyngton41_424,Kalinda.Wassyngton41,murky cellar destroy slimy powder
Riki.Yuma62_745,Riki.Yuma62,colorful fog zip curious stick
Giustina.Olette94_161,Giustina.Olette94,grouchy scarecrow scribble highfalutin honey
Emogene.Bassett59_732,Emogene.Bassett59,tall copy rid mammoth tray
Gusella.Andras78_793,Gusella.Andras78,dangerous tray knit sulky bubble
Selinda.Alane54_722,Selinda.Alane54,encouraging duck hold halting flock
Ruth.Webster89_924,Ruth.Webster89,reminiscent neck normalize axiomatic match
Alexandrina.Weyermann2_390,Alexandrina.Weyermann2,abounding form boast abortive crush
Bili.Larrie66_529,Bili.Larrie66,mushy addition help vigorous record
Pooh.Otto54_769,Pooh.Otto54,doubtful orange paddle quizzical punishment
Juliette.Manfred87_704,Juliette.Manfred87,wistful milk telephone rebellious run
Wylma.Selestina22_484,Wylma.Selestina22,ossified trail attend obscene holiday
Dahlia.Dylana6_260,Dahlia.Dylana6,abstracted group sort icky paste
Charmion.Landry98_250,Charmion.Landry98,sassy book store meek vein
Margi.Micheal55_339,Margi.Micheal55,round cave install overwrought pets
Minerva.Wilbert87_427,Minerva.Wilbert87,hypnotic transport pass courageous dock
Esta.Falcone18_289,Esta.Falcone18,curly family enacted obeisant wing
Rosabella.Pylle25_314,Rosabella.Pylle25,round guide spray scintillating desire
Tami.Durward86_309,Tami.Durward86,giant basket float tightfisted club
Una.Hortensia93_679,Una.Hortensia93,frantic ball clarify decisive part
Vitoria.Jochbed2_303,Vitoria.Jochbed2,rustic beds assemble irate quince
Christina.Labana75_318,Christina.Labana75,petite kite twist parsimonious scissors
Luce.Yila37_563,Luce.Yila37,frantic guide graduate jaded trick
Iona.Timothea51_998,Iona.Timothea51,cold club print questionable branch
Rakel.Arnon70_143,Rakel.Arnon70,fat gate model disagreeable fang
Kitti.Rothberg33_177,Kitti.Rothberg33,pastoral bird awake functional vest
Nanette.Beckerman96_529,Nanette.Beckerman96,wholesale ticket progress hissing locket
Beverie.Wiley28_817,Beverie.Wiley28,warlike rat unite easy mountain
Drona.Bigg10_952,Drona.Bigg10,jittery rhythm excuse colorful humor
Una.Pascia81_915,Una.Pascia81,tight bean address thundering sidewalk
Idell.Vittorio68_34,Idell.Vittorio68,juicy airport record ripe earthquake
Geri.Arnold56_664,Geri.Arnold56,imperfect money drag rebellious volcano
Stacey.Kalle46_963,Stacey.Kalle46,roomy drink transfer deserted border
Steffi.Bergen24_505,Steffi.Bergen24,malicious story summarize hallowed board
Rachelle.Ahmed97_568,Rachelle.Ahmed97,snotty range train spiffy zebra
Cathryn.Per76_529,Cathryn.Per76,nostalgic number come ritzy manager
Niki.Kenric44_695,Niki.Kenric44,quixotic beggar grab synonymous stream
Anna-Maria.Garlen54_256,Anna-Maria.Garlen54,skinny giraffe smoke wakeful pear
Lauri.Rheims85_638,Lauri.Rheims85,round fish supervise wholesale wheel
Ansley.Chisholm31_275,Ansley.Chisholm31,clean letter confront dull copper
Elyn.Graig58_136,Elyn.Graig58,odd soup blow curious cub
Adria.Griggs2_724,Adria.Griggs2,protective ray pick absent spy
Lucretia.Kristina91_802,Lucretia.Kristina91,stale unit see vast paste
Desirae.Vilberg77_819,Desirae.Vilberg77,lively distance simplify piquant bushes
Cassie.Wilmott27_724,Cassie.Wilmott27,functional waste tickle roomy straw
Kitti.Rothberg33_408,Kitti.Rothberg33,little burn modify vague fairies
Kessiah.Matrona53_84,Kessiah.Matrona53,lopsided aunt demonstrate ordinary pan
Charyl.Thurber34_741,Charyl.Thurber34,fresh fact strengthen guiltless scene
Phaidra.Fortuna55_71,Phaidra.Fortuna55,hurried throne arbitrate colorful maid
Christa.Alves28_215,Christa.Alves28,obedient soda inspire alluring religion
Suki.Marlena66_572,Suki.Marlena66,puffy flame pause nutritious dirt
Maris.Elliot17_218,Maris.Elliot17,pointless wind bang dark sticks
Nelli.Milstone94_950,Nelli.Milstone94,cloudy rub scold deranged brake
Maddy.Mechelle78_734,Maddy.Mechelle78,tart flock assemble gruesome lock
Lonnie.Fielding48_607,Lonnie.Fielding48,puzzled vein disarm defeated reading
Marsiella.Freemon64_335,Marsiella.Freemon64,misty zebra do gleaming cobweb
Lidia.Norvun90_834,Lidia.Norvun90,dizzy hook smoke cold thought
Johna.Schreibe25_132,Johna.Schreibe25,watery sink plead smelly part
Genovera.Giovanni15_342,Genovera.Giovanni15,lewd cracker troubleshoot uninterested can
Drusie.Lianne86_965,Drusie.Lianne86,hard heat know substantial tree
Verine.Valonia38_427,Verine.Valonia38,rightful crook stride muddy fuel
Donny.Ree31_680,Donny.Ree31,uttermost railway scare vast drum
Brigitta.Tracay56_134,Brigitta.Tracay56,encouraging finger seal roomy rings
Eryn.Kataway27_826,Eryn.Kataway27,aggressive canvas input clean comb
Petra.Monahon17_732,Petra.Monahon17,aback cave gaze oval morning
Ansley.Chisholm31_747,Ansley.Chisholm31,puzzled throat fly industrious pail
Dulci.Tomlin35_887,Dulci.Tomlin35,impossible flower manipulate depressed tramp
Lizabeth.Fredela56_447,Lizabeth.Fredela56,spiffy afternoon point jealous ducks
Effie.Cleary81_982,Effie.Cleary81,craven bit question naughty fan
Benedetta.Zola9_425,Benedetta.Zola9,sloppy icicle shake recondite train
Kandy.Lilias35_594,Kandy.Lilias35,honorable cellar back filthy grade
Joanna.Hughett86_927,Joanna.Hughett86,succinct stone exceed ratty arch
Cordi.Kella77_515,Cordi.Kella77,watery hall film lowly fuel
Edythe.Teteak59_234,Edythe.Teteak59,tall animal reproduce foregoing actor
Rakel.Arnon70_24,Rakel.Arnon70,belligerent able shave sticky letters
Inger.Colbye27_752,Inger.Colbye27,delightful cobweb communicate overrated vest
Rahal.Rosabelle88_761,Rahal.Rosabelle88,tasty cast swear wonderful crack
Morgan.Zippel33_424,Morgan.Zippel33,adjoining room harm fuzzy help
Merilyn.Giguere53_926,Merilyn.Giguere53,ceaseless drum enjoy magical sheet
Loraine.Nickey57_170,Loraine.Nickey57,blue mice jam longing light
Jobey.Moshe23_532,Jobey.Moshe23,impartial babies join halting able
Audre.Landau45_564,Audre.Landau45,alleged field market overt company
Karissa.Jermaine18_48,Karissa.Jermaine18,mushy income come romantic border
Wrennie.Cykana68_948,Wrennie.Cykana68,hilarious airplane spit utter fairies
Laetitia.Hallsy39_156,Laetitia.Hallsy39,changeable ball forbid warm advice
Maud.Granniah92_574,Maud.Granniah92,vast beef add petite ornament
Hadria.Zephan69_242,Hadria.Zephan69,dizzy treatment collect mundane feast
Minda.Hanford86_371,Minda.Hanford86,flaky price slip alleged cemetery
Tybie.Nero88_613,Tybie.Nero88,flaky celery occur outrageous polish
Carena.Lamond72_791,Carena.Lamond72,momentous price afford comfortable name
Augustina.Jackie38_40,Augustina.Jackie38,subdued pancake include fortunate person
Ronni.Willey1_643,Ronni.Willey1,warlike ring offer wretched farm
Moselle.Biddie43_508,Moselle.Biddie43,puny twist rinse ripe basin
Susette.Laural50_830,Susette.Laural50,uppity things slit stereotyped kitty
Kirbee.Ariadne19_383,Kirbee.Ariadne19,lamentable anger connect spectacular cat
Leesa.Latia28_36,Leesa.Latia28,mighty agreement confess optimal beds
Hadria.Zephan69_142,Hadria.Zephan69,understood lunchroom reorganize flat pot
Zabrina.Cello70_301,Zabrina.Cello70,obtainable frame load wicked kick
Selinda.Alane54_697,Selinda.Alane54,acceptable beef calculate swanky pen
Athena.Fulton16_950,Athena.Fulton16,jumbled exchange blot square trousers
Harli.Dupaix47_389,Harli.Dupaix47,fair tooth form deadpan geese
Adelheid.Gilletta34_397,Adelheid.Gilletta34,daily cake control barbarous fuel
Roseann.Dryfoos62_96,Roseann.Dryfoos62,accessible shoes head different hook
Janetta.Lory71_627,Janetta.Lory71,typical scent bend hapless giants
Merralee.Nika70_408,Merralee.Nika70,squeamish stew reconcile fluttering gun
Rodie.Oletha39_729,Rodie.Oletha39,painful suit split lying engine
Nessy.Gignac82_640,Nessy.Gignac82,scintillating request stimulate shy ray
Ilene.Sergio1_84,Ilene.Sergio1,towering move race mammoth calendar
Clarey.Jessalyn24_614,Clarey.Jessalyn24,fast kitten upset synonymous brother
Shirl.Liane4_31,Shirl.Liane4,lethal rest weep adhesive summer
Laureen.Sorilda3_170,Laureen.Sorilda3,obsolete wall beat puffy gate
Flory.Hatfield83_470,Flory.Hatfield83,succinct chair relate fancy toe
Sabrina.Rovner15_409,Sabrina.Rovner15,helpless quince desert righteous point
Gilberta.Zumwalt95_791,Gilberta.Zumwalt95,quiet pull create alluring ladybug
Glennie.Rivard69_587,Glennie.Rivard69,rampant wrist market clear lawyer
Katha.Ondrea11_672,Katha.Ondrea11,raspy pan settle dead cub
Devonna.Alcinia26_57,Devonna.Alcinia26,observant tongue develop miscreant creature
Aline.Vories76_647,Aline.Vories76,zany rice attach faint legs
Hyacinth.Dryfoos80_188,Hyacinth.Dryfoos80,blue corn want inconclusive credit
Marcella.Howzell3_382,Marcella.Howzell3,massive boats trick adventurous laborer
Tonye.Nella57_724,Tonye.Nella57,enchanting church sail wee feet
Wallie.Alcus17_787,Wallie.Alcus17,piquant slip trip nice brick
Wendi.Anjali23_831,Wendi.Anjali23,festive deer hope utopian ground
Lorie.Roer14_242,Lorie.Roer14,jazzy stranger bruise seemly face
Ardene.Filmore25_436,Ardene.Filmore25,quarrelsome kiss hang astonishing muscle
Eimile.Horowitz74_502,Eimile.Horowitz74,relieved kettle work maniacal toes
Vale.Vidovik68_871,Vale.Vidovik68,aboriginal wall dispense fantastic rice
Astra.Dosi23_874,Astra.Dosi23,sneaky throat transcribe staking fight
Lottie.Eustatius22_584,Lottie.Eustatius22,confused foot pack damaged writing
Marilee.Wilkens63_783,Marilee.Wilkens63,ignorant afterthought pinch noxious oatmeal
Jorry.Wight78_328,Jorry.Wight78,workable line abide watchful thrill
Thekla.Bowden96_471,Thekla.Bowden96,verdant summer restructure straight sleet
Charla.Els78_404,Charla.Els78,vacuous sand mourn mere station
Elisabeth.Maurizia73_976,Elisabeth.Maurizia73,poised map drink woebegone maid
Keriann.Markus4_326,Keriann.Markus4,rabid canvas swell unable spring
Zahara.Melisenda2_335,Zahara.Melisenda2,fertile yoke graduate shivering hydrant
Marsiella.Freemon64_338,Marsiella.Freemon64,disturbed cherry unfasten huge coil
Corie.Warchaw63_614,Corie.Warchaw63,nebulous railway welcome motionless window
Janet.King24_30,Janet.King24,yummy board plan rustic goose
Eolanda.Jestude91_504,Eolanda.Jestude91,noxious corn construct nasty thrill
Nydia.Langelo69_436,Nydia.Langelo69,domineering division trace goofy meat
Loria.Morell64_384,Loria.Morell64,direful work choose dashing shade
Cyndy.Lundeen36_135,Cyndy.Lundeen36,boring harbor own demonic hydrant
Allyson.Jennine62_767,Allyson.Jennine62,obscene base squeeze frightened rat
Koren.Jehanna34_543,Koren.Jehanna34,earsplitting birthday undergo fast trick
Donnie.Elwina15_911,Donnie.Elwina15,faithful cannon belong verdant mist
Pooh.Otto54_411,Pooh.Otto54,abundant pleasure slit easy cemetery
Laetitia.Hallsy39_15,Laetitia.Hallsy39,tough rain prove better waste
Allys.Alcott71_503,Allys.Alcott71,whimsical game scrub draconian town
Gabey.Broder55_804,Gabey.Broder55,craven food proofread abiding swing
Shawnee.Farris86_54,Shawnee.Farris86,lively heart govern aback rock
Rahal.Rosabelle88_755,Rahal.Rosabelle88,mammoth rat procure goofy music
Ailsun.Helbonnah39_755,Ailsun.Helbonnah39,silent burn irritate sordid week
Fawne.Solange80_323,Fawne.Solange80,witty carriage replace steep parent
Margi.Mathia73_72,Margi.Mathia73,dramatic skirt matter knowing rain
Christa.Alves28_201,Christa.Alves28,uncovered marble chart wakeful tramp
Stephine.Allistir83_532,Stephine.Allistir83,fortunate spade strive penitent boy
Hatti.Zeeba49_117,Hatti.Zeeba49,muddled connection go obscene paper
Elisabeth.Maurizia73_602,Elisabeth.Maurizia73,industrious mist happen young zinc
Maddy.Mechelle78_134,Maddy.Mechelle78,grotesque sign succeed steep needle
Chicky.Kenn93_465,Chicky.Kenn93,watchful ear suppose fuzzy soap
Lona.Meadows23_555,Lona.Meadows23,tan plane rejoice upset jeans
Freida.Gaw33_860,Freida.Gaw33,funny fire allow berserk feather
